site_id,name,lat,lon,area_km2
03455000,纽波特,35.98151389,-83.1612083,4812.2
03454500,温泉镇,35.88991667,-82.821,4058.5
03453500,马歇尔,35.78638889,-82.6608333,3449.9
03451500,阿什维尔,35.60888889,-82.5780556,2447.5
03447687,弗莱彻,35.42916667,-82.5525,1657.6
03443000,布兰太尔,35.29916667,-82.62388889,766.6
03453000,艾维河,35.7697222,-82.6208333,409.2
03451000,斯旺纳诺阿,35.5683333,-82.5447222,336.7
0344878100,霍米尼溪,35.56138889,-82.5969444,269.4
03439000,罗斯曼,35.1433333,-82.8247222,175.9
03446000,米尔斯河,35.39805556,-82.595,172.8
0344632850,马德溪,35.335,-82.4636111,126.7
03441000,戴维森河,35.27305556,-82.7058333,104.6
0344894205,北叉斯旺纳诺阿,35.68569444,-82.3324167,37.6
03450000,比特里溪,35.65305556,-82.4052778,14.1
